{
	"Name": "Custom Editors",
	"Description": "Sample Custom Editors Plug-in.",
	"Locale": "",
	"Version": "5.2.1",
	"Extensions": [
		{
			"id": "CustomYesNoCheckBox",
			"title": "Yes No Check Box",
			"description": "Use with boolean properties; can be set as Yes, No, or neither.",
			"type": "ViewDesignerExtensions",
			"packages": {
				"yesnocheckbox": "/navigator/plugin/CustomEditors/getResource/yesnocheckbox"
			},
			"css": [
				  "/navigator/plugin/CustomEditors/getResource/yesnocheckbox/themes/YesNoCheckBoxEditor.css"
			],
			"bootstrapModule": "yesnocheckbox/YesNoCheckBox",
			"bootstrapMethod": "initialize"
		}
	]
}